,0,1,2,3,4,5,6,7,8,9,Y
0,-0.8633555813417826,0.09932890931187445,0.5042120497298799,-1.0124571527438062,-1.0356057313844946,-0.9325702298970132,1.250569832543435,-0.18015531273958107,-0.2345380349087504,-1.4269376854269915,2
1,0.24120396421895252,0.746163297154545,1.0231165708586278,0.5580818806186658,1.1277836301278024,0.9265583009670965,-1.1169495537467236,0.5146478109666939,-0.03529673960291556,2.5402316207591715,1
2,-1.5405579718706937,0.1454858326667568,0.4890662883178163,1.0607149993421696,0.31402569182060314,-0.01932279197126341,-0.8601288762924614,-0.09532197573408707,-1.9892694661612838,-1.8059362626034217,2
3,1.0490931879200103,2.045748689418061,0.93270963914734,-0.7199405321418947,3.1709747732901796,-0.8541612608143545,-0.8935744023141913,2.676143171889073,-0.15602389099728736,0.0330897511387602,0
4,-0.3355806435831669,0.17070180542498795,0.6514744257328652,-0.04727771569624714,1.896182228633144,0.12253131765330154,0.6641440493586505,-0.16430545909427519,-0.7846874114294452,-0.20090753320092672,2
5,-1.0677420110191065,1.179353190210774,1.0784094221652805,-1.0043227122146134,1.761266127419863,-0.7667048545369003,-0.9981917282318641,1.1774144419895634,-1.3730425509508952,0.0014710002454108063,1
6,0.09419230031014657,0.6875266690115095,-1.6447472891931798,0.28912050527881217,-1.1476109448431353,0.24078750974193844,0.4128708204461747,2.2225329444302546,-0.19839889682004574,-0.7994223995430966,0
7,1.304213891849503,0.05880563006958759,0.9218077201383651,-0.19928005491459203,0.10481160807228165,0.4139136701102331,0.6693924713925414,-0.5278156901824291,0.7386070289928207,0.09725087697778614,2
8,-0.0722870075600049,1.5541708565276886,0.14793865327223976,-1.217938511593151,-0.6006575576577885,-0.9962126403710662,-0.30496363785442043,2.411911730686155,1.0289354925948542,1.034409886481518,0
9,1.269764750314304,0.4078177518455941,0.14469658453609502,1.0543249749040777,-0.709854182146104,0.018627370661355457,0.030546581040616888,0.5613504268158801,-0.036883530845066945,-1.5639046348397663,1
10,1.0645851361278518,-0.42693037465541045,-1.330242598633677,0.35950439957101016,-0.9378802311514517,-0.3820254489503836,-0.14456681693373594,0.20882353332415537,-0.3615992807816198,-0.14357951171632055,0
11,0.41060179132004765,0.8272473155420049,1.1104473549747227,-0.37412632026430587,0.4809698500346235,0.15217697558826634,-0.01345146935738968,0.5866882182583535,0.81547196924006,-0.22295918297037942,2
12,0.0008999266711071547,-1.404538016147802,1.771477890950485,-0.47336092550247877,-1.5422881507996786,-1.77474481518865,-0.20357067147347696,-3.4670075899355948,0.5498568672963908,-0.6518564999305905,2
13,-0.5100295397556169,-1.067239670626974,-1.5713026467108184,-0.27682299477388833,1.3925184494342724,-0.4164990824366925,1.123905305614439,-0.6631709546283677,-0.17346389707287913,0.9600477411499279,0
14,0.7747283190671621,0.260873979729842,-0.16359293613826908,0.3903649435086224,-1.8081439264982515,0.24316821540249173,1.5885306910975325,0.5321666307624227,-0.5109261812322631,0.7708369604049367,1
15,0.025385604406458987,1.0922325672997026,1.2661043769882698,-1.1495540632571182,0.6103917643054128,-0.603839552796151,1.0983035407325124,0.9097848771022152,-0.13783917859609385,-1.1884244215830193,1
16,0.8851875412089273,1.4825453115454539,1.504417236287907,0.002571182431510025,1.4737648151384048,-0.4832495424791074,1.0400862450537032,1.3795876903035635,0.16464380952639762,0.4113342428976086,1
17,1.3086687523521792,1.334977468374462,0.7236246272528635,-0.05992800267109062,-0.02579855825448711,-0.3881541924822496,-0.7999136231406647,1.6686618551043397,-0.2200757798203556,-0.7113063597427886,1
18,0.24664895525244618,1.1441336237039235,1.031273769841576,-0.9420935888731159,0.6079925094063973,-0.8358560674816213,-0.10321275146170758,1.1523412721295072,-1.0513903986600646,-0.024549423642379036,1
19,0.9719702938655755,0.7258841563138545,0.27578946430507134,1.2228774470534098,-1.1932578334740391,-1.2557748817415015,-2.0865100288551877,0.9868353844412958,-0.590757152909962,0.3982960861974925,2
20,0.2462227612764322,-0.9788004005512178,0.9891727554829486,0.39710623644977877,-0.9179843060046156,-0.4190819928078221,0.499646955111966,-2.2503271106214013,-1.218683829977197,0.40929499664095537,2
21,-0.4060717962598319,0.17710493057425347,-1.4461308817592586,-1.0326431018921296,-0.5352701645328445,-1.3533888581477134,-0.4367483374580074,1.2633786487187573,-1.6429652935306092,-0.34796185592084583,0
22,1.6002678187487591,0.9125413795013766,0.6100267832839422,2.6429357210147417,-0.1888347802177838,-0.9196506900626618,0.540123026400494,1.06267189462423,2.2904670705305388,0.4879726826630046,1
23,0.2050866252318538,0.8144959958710397,0.9302472233466278,1.936712462402552,1.1615338035591172,0.4038960208359738,-1.4519055294317473,0.6878391580491507,0.3822027877852936,-0.6081012569516899,1
24,-1.2630683491022754,0.4288581332398653,-1.050863471675437,-0.37070400322045344,0.4524890926396464,-1.3183958696447342,-0.9456157955562914,1.4031866436649052,-0.9327409107943778,-0.06727560892298173,0
25,-1.601836048972537,-1.504251032976278,-2.0345208436543385,-0.5102927396336285,-0.8871809418450403,-0.38687084685064654,0.18392549434030994,-1.0564819737316982,-0.3854897603756083,-0.5525406734167292,0
26,0.18333919925760125,-1.1027025119109586,-3.2740510756905463,-0.30224973045507003,1.6709430327888573,-0.22425893425164034,-0.37514711666128386,0.4300471274257852,-1.226196191783019,-0.3820089555778202,0
27,-0.7842213825343839,0.13279424467654408,1.2044495242329563,-0.34087441056947076,0.7312936208403685,0.6620053664519022,-1.519974459585868,-0.5992130826413913,-0.21653287184982842,-0.5935203173475259,2
28,1.0541779089389227,1.3189109112526185,0.7204445250884423,1.2165777137429403,0.9508336970037996,-0.4957954945452093,-0.3386821854453976,1.6448436302869598,2.0347625440211536,0.06606026178649259,1
29,-0.40630313044506255,2.2833834104692947,1.5788494801456463,1.3891453156779274,-0.8640449911023695,0.22558166356880352,2.014060154918468,2.623620165156912,-0.30676577602700456,0.9688826385630508,0
30,0.22285832310348672,-1.1324256389329248,1.316309320921178,0.20721739341095335,0.9760375253689257,-0.6545701349975839,0.583569926909304,-2.7196619580382957,2.9290962417638613,-1.0182793255668514,2
31,-1.5620143418292662,0.08672871824117832,0.748104186342442,0.8425887964569804,1.0061070670975472,0.2957790885068872,0.2456164279017758,-0.3653159024194662,-0.032996480264666096,-1.9536785626194064,2
32,1.3291412827455533,0.7173712249347637,1.0323419931305127,-0.5319938094111618,-0.048344623779819615,0.6563907508593024,-0.9562584224322828,0.4618801158352842,0.16586352265353732,-0.8688625468659522,1
33,0.278081047967944,1.7922205243085503,0.8863205483318312,0.2125870464375366,-0.6429525533528905,0.5882249291179367,1.5470314969908445,2.297732141560972,-0.06028753363911904,0.6430545453392927,1
34,-1.0053118723488588,0.9526192870006186,0.6716862077415383,0.5887424068075064,0.101407146668211,-1.7302760615500858,0.3843234052112453,1.0857835854826767,1.0097118548117143,1.0139721541121614,1
35,1.042977594646376,1.0434129892927153,1.2230585215916485,-0.3265609776792077,0.4140913537935951,1.1710410646204883,-0.008209882269614045,0.8599677347881064,-0.522619416398478,0.38909396886572056,1
36,-0.30937759288336136,0.2856379398204266,0.36995121558245125,0.8864915393596159,-0.0285288698344164,0.33601574266199213,-0.2721317560182082,0.21167893378599445,0.28479059913436316,-0.035742733548173485,1
37,-0.5473555742986664,-0.7056511867762604,0.6521511658044115,-1.0585718976053677,-0.5507994257068402,-0.3591165950658852,-0.50900583859132,-1.5811367075157157,0.11566507404634657,0.5125622314261223,2
38,0.9921368285185058,0.09355146801084255,-1.6505156847401143,0.4209182841756566,1.9050636405600176,-0.07565047058842289,0.24660218626133443,1.2664395643075856,-0.6255570351092533,1.821915097860406,0
39,-1.2986867221630902,1.4176434990709084,0.7313006578645467,-0.26393734859268786,1.2760753460061875,-0.05535254802238957,0.35281660649437835,1.7970812186983727,-0.15277442354540868,0.967446150050235,0
40,-0.5215796779933731,1.7044828107644705,-0.4982603933106653,0.1903115575939397,-1.184686590411552,0.36754489602226903,-0.85172919725359,3.0914795924865404,1.8227236001279594,-0.6834397667886818,0
41,-2.121176444902436,1.5420590516451886,1.6071540605900783,-1.846531981664673,-1.8388466037584985,0.8020517387405159,0.6041367404426842,1.406356172411378,-1.6295836027484383,-0.898321971432016,1
42,0.19275384906521617,1.1908666531164622,0.6309485284290486,-0.4990166379941829,-0.36505521654625767,-0.21416665620008424,0.02135122384354861,1.4983684427319854,-0.9191134448699437,1.8495912466796365,0
43,-0.8157915419939713,0.41902583220873024,-0.5986040521259889,0.8126740421090424,-0.507517601657357,1.2433193844551549,0.587259379399826,1.0817074344171105,-0.5053583172644099,-0.9327890415064383,0
44,1.5788651944164882,0.9172850158390297,0.5208631845981166,0.663258089679174,-0.795500550053291,0.34816923524180865,-1.1046165975264708,1.1305857633165355,-0.030936257273958937,-0.06548837514448298,0
45,0.597212504403425,1.1594202743454716,0.6542060515353159,0.19321355323369646,-0.8152756611364586,-0.8022531717308108,1.2973420890928906,1.4318294408157453,1.0013310173467296,-1.7971646153956184,1
46,0.07821118109215218,1.8429911783606594,0.5344525088412484,-0.12824197402770202,1.404545514939712,0.5311783665356953,-0.27177156649069667,2.6175428302388113,0.21717963263828013,0.8245572195642364,0
47,-2.1150560151878075,1.81566273073598,0.9006242650712233,2.2436018945826404,1.4053654387244203,-1.5824944779817585,-1.4227949086263427,2.3259548558544987,1.9223247554443985,0.3592491565134564,0
48,-0.46302175410905094,1.4329771414762613,1.3536607298908425,0.18970261207999575,0.44702415688567826,-1.3171747888057943,1.7025701522417913,1.4013398965192376,0.06763423006691976,-0.2712073398901639,1
49,0.7966721083646714,1.3768332757893902,0.810502680185152,0.012231983638817386,-0.6579260925367952,-0.07480498268034107,1.5692596145359043,1.6776069852514728,0.690429024383049,-0.49610233398256237,0
50,0.01649148698086454,-0.36642202904150045,1.1153351065320802,-1.6300026510237087,-1.2217763346947719,0.4080746493461687,-2.7196793643226145,-1.3458395104301575,-1.0966017470927192,0.7776072813422404,2
51,0.7790512201329916,1.669033654604692,1.395001587088847,-1.6641729851661735,-1.5096616060682988,-0.6378405564735843,-0.12656933163938985,1.7549240496601115,-0.3634377801160514,-0.42870206558582885,1
52,-0.2722761011450806,1.2593324325330988,0.8883767951084998,0.03812738409493465,-0.48972502237302673,-1.227636420410408,0.5127175234723987,1.4350815541519346,0.06859922748066052,-0.14268771207346503,1
53,-1.012673123768591,-0.7469394911771291,1.116959404028228,0.7130162297109377,-1.0272968770754625,1.7236962756672618,0.32579961364062554,-1.961934687349859,0.12476952104321241,0.5049699814628403,2
54,-0.2559576692142683,0.04712258981595627,-0.9246871182238665,-0.3263184621583181,-0.3480463796426194,0.5128364575927566,0.6027076564293296,0.7009639493042472,-0.5946497697204054,-0.46847604467972315,0
55,0.9385851362497682,-0.6526178999434439,0.8823901586467499,1.925805737459527,-1.0192511495051295,-0.22612246976395622,1.9517610122678137,-1.6509942298476574,1.2399405498273601,-0.6088151174171313,2
56,1.9026181983698311,-0.03621912536420694,1.3559748787356907,-0.9741674350429901,-0.7756641079399706,0.6716165720359097,-1.6196845653727006,-0.97475934008944,0.5726270172050857,1.1363880775397395,2
57,-1.6384236257417921,0.9582214826781571,1.6186298019310112,0.335844721405313,-1.7763886163465759,1.4028447401002433,0.3191184000862824,0.45499564850042107,0.30726478050559103,-0.9108503776386525,1
58,-0.17245859668145705,0.05999554636357175,0.7724650273834311,0.6695623405090826,0.6335339024604004,0.852829768274368,1.0044191922616248,-0.42498285652678636,-0.7263658321861022,-0.6354304386192672,2
59,1.5259575608848084,1.4992052245028171,1.5006158745372726,-1.8300285504278102,-0.7727718829782021,-0.4034591834208012,-0.6958351193495473,1.4090822249873882,0.24676602397997058,-0.4122717546045429,1
60,0.3251987146870653,-0.4417200428486151,1.005307387651299,-0.4054724571406713,-2.5933885647417103,0.07077407590065136,0.43393896823028894,-1.3931923570820515,-0.1835907634705542,-0.3432350544551033,2
61,0.5953003076922928,0.7804600249735265,0.29887551633227993,0.48693730493993265,1.1641517662249663,-0.1877949219748069,-0.1066526736602251,1.0594426053311934,-0.4932143871104978,-0.9842090022728482,2
62,0.6444520334110423,-0.624469318447129,1.1268552069194624,0.7088595753671403,-1.913742670861507,-0.6036204360190907,0.42281857467666145,-1.7706831944321695,-3.116856591599126,0.27464720361244455,2
63,1.0402389642495586,-0.29562795706043016,1.0221865868959352,-0.836111379500769,-0.18669092211460994,-1.1504377698185095,0.6422109433294259,-1.1684814230101515,0.2587975673406087,-1.0219133244269283,2
64,0.4355461592956536,0.19766150843909738,-0.5981434025844533,1.1149623229474022,-0.5992242774597194,0.6081564276006415,1.4333525028819918,0.7236240565852333,0.4183980113091925,0.30198921035755294,0
65,2.0118642631265615,-0.3889515586859666,1.2540318430706816,-1.6853821048712272,-0.897409503631337,-0.7786754726576129,0.3030110504561574,-1.4759683378042214,0.7335948682293696,-0.24508175557685558,2
66,-1.216076580745861,0.057497756596471106,1.1463189070046778,1.4969109935208271,0.14067190330796092,-0.2859591514851729,1.183119557331707,-0.6816299238055656,0.7188971655282916,0.6133262263287012,2
67,0.24614778868484416,0.5573357747191282,-0.7493112361501697,1.4013448312919596,0.8635196583813146,0.24444345596163258,-0.4103817936578706,1.407077550937028,0.5289436184165822,-0.9474885949068795,0
68,0.2098494779230553,0.4532044628456783,-1.1617666451144184,1.264983329856256,-1.2406245995562275,-1.34841308775612,-0.3007838764760271,1.517471918201055,-0.660608593976992,0.18949963754791346,0
69,0.48334185178057176,-1.2597376789004542,1.0030813926425548,0.501799753807639,-0.12364962589203071,0.042779719883566894,-0.0560994733409029,-2.713779830732621,0.5384370003545387,1.4867824740856308,2
70,-1.5059113515713871,-0.9294970185915593,0.9154512222449287,1.9093426255571087,-0.6890484294179713,1.0339569868127836,1.6638731244377296,-2.1208292382126137,0.9008227642090298,0.3036564735262783,2
71,-0.780279868390064,0.6347651584406429,1.637236741726544,-2.157356373494461,1.454035748839167,0.22290581962427333,0.6500845143723144,-0.08035155497992441,1.8209392740896755,0.4554199909368095,2
72,-0.43355433273316757,-0.01736833890133747,1.89214102753762,-0.12004112209610802,0.037996013453515,1.3363861823227936,0.4614688774411399,-1.306575653759144,-0.04648115603289032,-0.496608209729517,2
73,0.498726958311932,1.7943486075924768,1.468109681547262,0.17371185298702344,-0.7379317802412299,-0.5288698535561153,0.5665453158182124,1.9080612716849663,0.14630444600104425,-0.32473026508296,1
74,0.43283762149999394,0.9104187464725698,0.7148765384868598,-0.33379096035356415,-0.8087175319795337,0.3236257646091187,-0.020129103877537476,0.9883951165108653,0.7750232632241703,0.017515613278218337,1
75,-0.7917565156434644,0.3021329939448325,0.8501193715854483,1.1320051336773298,-0.26800978339811193,0.19383173692841307,-0.5609810031317565,-0.08610734741378867,-1.3629409472080096,2.4643219335153654,2
76,-1.6528036422528436,0.2285614338480696,1.1738436559410728,-1.0987684566672995,1.0659268187168889,0.2950757833018624,-1.400256208127942,-0.4237526674328742,0.17468009289816874,0.8978641732031214,2
77,0.08645252400759346,-0.010383827677625763,0.9708732238573718,0.3825981367234629,0.2477063784668243,-1.857483271594538,-0.8869043262838756,-0.6727938330107298,0.8783037577325304,0.7301835311296144,2
78,2.6205738460182393,1.281377926699029,1.236670013201801,-0.7303570955579599,-0.7474731780653794,0.9687443931111454,-0.7623615367276093,1.2353728226091192,-1.4469403347558085,-0.27739139174310984,1
79,-0.8483205228052325,-0.21683052302535777,-1.4833115902875338,-0.06964157844693558,-0.32566946882017417,0.030601824338517807,0.05157494276988904,0.6518173611821599,0.8672766288084278,0.9971179807917595,0
80,-0.7308735859513859,0.7914924148373272,0.6397203494751869,-0.7110405967911112,-1.6417032288097841,-0.06036249439233865,0.7196681705373317,0.8469671550602536,-0.24841930670503823,-0.6701258977272965,1
81,0.21301716742988736,1.092971167515972,1.035341133841156,1.561279598955807,0.599369372522297,-1.3682450953383907,-0.9402702359572048,1.0669035082090246,-0.6599427051023377,-0.8396324471731914,1
82,0.9304084961111163,1.2905358804765215,0.6706050518760505,-0.8014968853943748,-0.17531640232701995,0.2711701846373109,-0.6471814318477607,1.6326596452945443,0.47224715008784873,-0.5256405931019397,0
83,-0.3702424407043429,-0.13368150622106523,-1.857711425823077,-0.6872990371566635,-0.45380404105200106,-0.001385042735095726,-0.11747454641811148,1.039182969314853,0.46616642603403075,-0.056133020448757114,0
84,0.013748487335533657,1.5048933250332348,1.8904355030333453,0.3351056201959989,-1.8447011636280461,-0.5840935467949193,-2.437564359199356,1.1548773782415354,1.11492455949028,-0.13482245109435406,1
85,-0.7995934996704901,-0.035611531246474155,1.9352295351777231,-0.00041732641262016675,1.5116393498843184,1.5427963382930518,0.37415508597080255,-1.3651751199768682,0.40955177823769134,0.5707885293815738,2
86,1.499491490138763,0.8765909138025577,0.9282212780759779,-0.42920929664647733,0.10583464361677868,1.3141544338139488,1.3752254204468972,0.789566749302365,-0.5541312470844857,0.5108748218924175,2
87,0.8303860053403918,0.2767456163449945,0.7346376663902041,1.061600170035261,-0.5216965249478154,-1.0783610908167798,-1.1848874445717696,-0.049108709419249164,-1.805251688630421,0.31112444609365353,2
88,0.4448534381865086,0.8249115981923789,0.6164427796648633,-1.66184836721825,-0.0037628171450240252,0.26473875775570727,0.5507886141027314,0.9167081767761811,0.595423156763723,-0.12915348246011388,2
89,1.2605688450421493,0.7402227508341676,0.8321274477244249,-0.8215498256031326,-0.10039350340136602,-1.0060368579203915,-1.5482543228490424,0.6340964541220249,0.5319746390071913,-0.14989159173313932,1
90,-1.6413486088230291,0.8601141900710768,0.9580765024123922,0.4595849048340562,-0.1550358081183258,-2.123890018045559,0.28005786003768013,0.7427638990828349,1.390533967073938,1.484925598699954,1
91,0.7858038268311726,0.6134680411359599,-0.6078825415350524,-0.4246633024328657,-0.057469518465394644,-1.0770990694039948,-0.8299645975379619,1.4022370576957641,1.4111720638896117,0.07458640654355353,0
92,-0.935127209437544,0.68479108092344,0.12605895414124457,-0.6993179409720909,0.38182400961938384,1.6531498325653209,0.38616637709836915,1.0215918998561073,0.10086706325731179,-0.5480871874725356,2
93,0.6774621693464117,-0.11293306779983094,-1.621266324734539,-0.8000824760846013,0.05182038948242156,-0.40123470991118243,-1.0431294980353556,0.9129528046147963,-0.8570781886711647,-0.9872866934576524,0
94,-0.0902438496657506,-0.9177599161458909,-2.2485568298753904,-1.6388073071221778,0.7316589270303925,-0.23110160759299653,-0.7333128075836657,0.03603560401383621,2.149574534867287,-0.8791606288350748,0
95,-2.53455446208423,1.1887169038876664,1.5702312824860836,-1.1094775536361452,-1.3751844793172407,0.978567297446043,-0.5475181006794317,0.8602280727973395,0.6659671460695378,0.28601252697811796,1
96,1.7358789976857132,-0.016988711464132097,-0.8285916409507335,1.011842432994189,-0.667712720570559,0.6450552734598769,-0.6579510447611686,0.532415413565491,0.46838523427705164,-0.5324899192090677,0
97,0.5711098221298226,-0.6068902471141223,1.584937809218845,1.0121331898223096,-0.5436940296827768,0.49661519848385155,-0.04413971884780624,-2.051794438179245,1.6184593242319745,0.9244340219585094,2
98,-0.09900831128407737,0.7217700562256701,0.6900764993917481,0.04253907402979072,-1.0506538365874896,0.02185735821987137,1.5309323510288246,0.7002556509807416,0.09244773546980858,-1.4513384981910251,1
99,-2.004215715498915,-0.2938773821456786,-2.320380877025802,-0.6493379277303881,0.37687652085089274,-0.44816536268070806,-0.02342310502145217,1.092894233400824,1.0791947281124892,0.09789614541262709,0
100,0.1319117557874122,1.554848318860475,1.7923997887014582,1.0415683888185818,-1.9805655910689397,0.1546688336463322,-0.039267991037953184,1.3018572944049631,-0.9489328108497634,-0.5072344618949226,1
101,-0.46433769143549164,0.5290664338746367,-0.7913699645886463,1.327782695957983,1.021790585588673,-0.29039710080386677,-0.10128148621739935,1.3898069958943366,-0.8031413873416283,-0.6963266538610828,0
102,0.9076987979878987,1.0405430875760444,0.7504402473060381,0.6878813911747546,2.6805708407690005,0.41704350296760356,0.04985726659982265,1.1746737828882834,1.3480357804247187,-1.2037351921997794,1
103,-0.5559850318789673,0.7402111012783432,1.2975867588218364,-1.5914478754580315,0.02673838267463693,0.6089623416545242,0.003222216443155699,0.3195704572020597,-1.05747364780153,-0.3611131347398661,1
104,-0.5095951329463574,-0.7904873148702515,0.5991599592260171,-1.0982894313247467,1.0985816482311466,1.734572174923709,0.5726133530407902,-1.6824443075434306,-0.8612155533986415,-0.6210826977013774,2
105,1.648504010268179,-1.0517487304228383,-2.796091646661019,1.3978962610867354,-1.5500141893581478,0.23914558065378702,0.05517135478023174,0.18944594334936327,0.2989774561190176,0.5310425069780597,0
106,-1.002668587369791,2.1550796990646774,2.1970259291350662,0.010185518712073464,-0.9768953867353252,0.5934659196032391,2.1982963386704926,1.9985569808524928,-0.9906709306271492,0.04108222614387957,0
107,0.42262862170882565,0.7479516858883518,0.01970401508651176,0.4768983689222224,-1.3597807255038137,-1.3414967255830426,0.14844958138007808,1.1955361439361345,0.5290452383344316,0.6119271927311578,0
108,-0.8877801366359354,0.31650526998651235,-0.7130883950457623,0.05989468311627605,0.9363985435524596,-0.964606424206264,-0.2125230447703092,0.9933684292817254,-0.7621145119224981,1.3264616423656934,0
109,0.2975143539549459,1.114010301823624,1.157071274843271,-0.08645528271104713,0.04402227617534797,-0.16325494883317873,-0.43046191188579297,1.0186551599332763,1.149379383367124,0.9494055237932187,1
110,-0.45408036251560513,-0.589955678986551,-2.218648303615631,0.4046954556143003,0.08595197343438468,0.5365965205668235,0.19145087202391178,0.5456284492240495,0.8805111991771105,0.6164593126261553,0
111,-0.8376780419079453,-0.006312666031753782,-0.7966597419417011,0.022959755607951444,-0.5911831037644297,-0.852585847170647,-0.011145611841841251,0.528094056557117,0.011498899870062375,1.6819217400731377,0
112,-0.5981504525164858,1.6820447021889775,1.235932384110265,0.0012484557884866053,-1.5200392851920637,-0.7891021802566502,-0.15993978775704282,1.883434487174683,-0.8319574932171248,-1.1041239857992617,1
113,0.8188393725993478,0.1517726070308017,0.9605143968066557,-0.05525899572965248,0.1404959074394759,0.886293194621468,-1.5003283759785706,-0.40371495464577645,-0.8185041405936757,0.37287600885243755,2
114,1.6292757699588616,0.5047467846227902,0.7859818123202751,0.7979131965667455,0.13906415030468255,-0.6736641713091397,-0.8868796038714377,0.2846971396062057,0.6343866731890512,-0.4152313958216571,2
115,-1.4899330082214923,-0.2037444082650317,0.9283519917766154,-0.9659538588418697,-0.8746625219888452,-1.607320159234058,-0.7243113192311228,-0.9565746520075789,-0.7731925102234387,0.06389619165017826,2
116,0.6436312754533384,1.6061779668702278,1.3457538073290922,0.9291451477686911,0.6888966666079323,0.7035855546433883,0.3711725526490392,1.6866121413648172,-0.9898225495471192,-0.4808453408727291,1
117,1.9612269893650154,0.20835092479252962,0.9420769845844199,0.4883705904296574,-0.07223875867166796,-0.11858662355009231,0.9659361184597012,-0.2998142716608887,1.4226047489690348,0.8621480568842673,2
118,0.8927081528737002,-0.1182566612103047,1.2855527555615756,0.319649783134073,-0.4736040569636581,0.731551581862154,-0.4098545384398195,-1.059765883886793,-0.4533374321385169,-0.665041618158691,2
119,0.8246182196384677,1.4115551513560785,1.3398451550962438,-0.06174330145790107,-1.3128496745497917,1.5480668013787386,-0.4468362536626212,1.3760524504727514,-0.18375573024999226,-0.7967753063063009,1
120,-2.0473236130579617,-0.20668291791684565,-2.0573629244408758,-0.8174930976162265,-1.2266216593966155,1.3290628465396823,-1.4013472930393105,1.0561000010549757,1.0304382674156047,0.9606933984606597,0
121,0.2280533251240672,2.1889594980360556,1.311233471528808,0.8924738873315303,0.20147994670443287,0.555962679709798,-0.4223148241252707,2.6518369320875577,0.10471402943328433,-0.35811407547985674,0
122,-0.8963697225521802,0.2637698332424178,-1.6345877065467374,-0.5937774477786675,-1.962732009140752,0.018791791774257802,-2.011880319244709,1.5307864616653593,0.5897036055747239,1.037585667050634,0
123,-1.8381767396700122,0.07734671049441375,1.096990805180235,-0.6222254717550558,0.6530372834064285,0.5066690260283885,-1.522768090504186,-0.6162191589203161,0.556964120578887,1.0137505474982607,2
124,-1.6659560767977184,0.7202752341477653,0.384411524480219,-0.7663275989635832,1.626649562301582,-1.3693911240471572,1.2815113403641332,0.9043751004116791,1.914229697062814,0.3233565314802586,2
125,0.5072389511096153,1.896148488589788,0.5369646042050338,0.25871644022974605,-0.1162297003871491,-0.07466797825114957,0.27560067398405635,2.7017590166375376,1.4350493867891545,2.759355114021582,0
126,0.5456573234700275,1.2308696270154171,1.1114232126101578,-1.723228250716323,0.1508182063325938,0.7825788808419775,1.7975393871259047,1.2383688720709936,-0.35687152802559846,-0.3979120985908414,1
127,0.6191549216054889,-1.1009746069129864,1.5728998684083981,0.5140041798160635,-1.8743134967410682,-1.261491746790615,1.0875463154668945,-2.842206559581938,0.7393045331330262,0.0023851979152351623,2
128,0.40088567910412115,0.9786294990293992,1.332045179633635,0.024290914137780388,-0.009657236532908346,-0.3416780975958806,1.279812020628022,0.681622329089097,-0.8859664820409529,0.1841812647035463,1
129,-1.0634329381546068,1.0111815728932545,1.49875170147309,0.9132019242521776,-0.6795930425441441,-1.4723229284664896,2.211304333239493,0.6215911707878188,-1.7974558043668976,-0.4003488150134234,1
130,-0.8622669997532367,-0.06730939657131987,-1.5486883837424394,0.09920486253150243,0.16066118981977281,-0.5375833685580619,1.5762989726277177,0.937650081371881,0.5023282400747796,0.5232617386880769,0
131,-0.4080147090398969,1.055897583709538,0.38080542272698503,-1.1949868052686603,1.7746585609733332,0.5629897185861278,-0.500409667304264,1.4492492570070934,0.25280350541915453,0.7519465876771957,0
132,-1.5669947108616025,2.3970643283029003,1.9928686952174628,0.6705704503109099,-0.4513030371025261,0.8214059370248112,-0.7075056975105769,2.527603353403885,0.03976673458649517,-0.014857703354702717,0
133,-0.31665529505210693,0.9711245779883058,0.07158724086290214,-0.8602624519575188,0.5969064812479539,-1.0481704068254731,0.3283012950007554,1.5211742133952462,-0.40129780513351004,0.6071116719160459,0
134,2.19089801323984,1.9377503789652426,1.7327292234971754,0.10058120872896319,0.9836361957891795,0.6620742889997063,0.5391612741141966,1.961027895160512,0.08617684238012002,2.171164949318166,1
135,1.4893559620744803,0.3219738870630683,0.05050269989125655,-0.31754309393019925,0.5213037482757137,-0.05858655113386085,-1.6324233020679833,0.4862544317643249,-0.06713415461452177,-1.7913275480411837,0
136,1.67398570701071,1.017176613326398,-0.10076815677400341,-0.04932407014757259,0.16155926723816796,-1.8180776303835695,0.2390336012467649,1.7120633345678171,-1.0003303489537054,0.5407735853003902,0
137,-2.7773591454274333,-1.4475490985160617,-2.864245970852345,0.5990395263761841,1.151733974780799,1.0450233755026905,-0.34069234387793046,-0.4042008184082426,-1.2631729120851543,0.2711127964467149,0
138,-1.1460004265074433,0.025691637151816608,-0.39272550301386444,-0.13256801465371804,0.04706609465849369,0.9237965603139469,-0.289005210954233,0.30688469469285196,-1.9986394755833727,0.4608144771488305,0
139,-0.5098432421384791,-1.2772808896636423,-1.8714305584246453,0.33003511451031164,0.32486961579618606,0.3269625954044574,2.225944331738259,-0.7998484626728133,1.3709890062911214,-0.6677202863593994,0
140,-1.5487961370026657,-0.17420653387596008,0.4923379450757279,-0.55512634549445,0.12656880153077496,0.891364106352944,-0.1724823171069609,-0.6142238888193416,-1.461738342216723,0.9007239050891807,2
141,1.3970653013137426,-0.6460909053989945,1.3637571404190765,0.16987795979692444,1.4977150273195634,-1.4589407305973254,0.09082592703632521,-1.9657010656310818,-0.4813926240476333,-0.6527614493487129,2
142,0.23868157093183537,-0.22760588362931955,0.9331642680764937,-0.8436156065359265,-0.11622243953775185,-0.050082641464535414,0.6500419730507697,-0.998391519672798,-0.36416980891575595,1.483128627973814,2
143,0.45730964672081126,0.9203749363459098,0.9961837141617301,-0.5863200252111324,0.9623417448143452,-1.252593341503319,-0.45764059428952597,0.8144094201849725,0.3718110814974935,0.8820565993630106,1
144,0.6006052017330761,-0.31838328885672496,0.8731962187178965,0.39756521561746616,-0.01325026793402666,-0.09406245036260366,-1.022855040804214,-1.1045872976291307,-1.1506920042566469,-0.2507566767601495,2
145,1.4006890344430014,0.31657367111223533,1.2169653403918081,-2.832011869908987,-0.6516562090577808,-1.5799305296711237,-1.0834266602642797,-0.3106430373716488,-0.1306203959951194,-0.06366148878954943,2
146,-0.48856622075462575,0.8281278976293129,0.5688625812216616,-2.5790507451894746,0.33279821740445475,0.7289298673852393,-0.9375093861087292,0.9540559680921652,-0.3212589370580095,-0.23229400718659735,2
147,-0.6023318535828621,1.4454550493933045,0.6646180082540505,0.7303517903770194,0.9214083978105813,-0.17220079269688263,1.1045784735714765,1.8870875738934418,-1.014825907734441,1.3243587499958391,0
148,2.488441614331128,1.5506822340137334,1.3980607091491746,-0.400986157896401,1.6959695330141693,0.46079432770125556,-0.9711706648243907,1.5615758014884364,1.4263168607870274,-0.2563168936896428,1
149,-0.6289807075912683,-0.47047002360390483,1.0609727309025385,1.344074374673427,1.070072512070977,-0.011135627340667108,0.5000166958573026,-1.477271110068269,-1.4317977780650375,0.1416671648715303,2
150,0.27623985201997375,0.2587401821890211,0.7838924720911902,-1.6018409520745176,-0.6252459225571738,-2.285499448789645,-0.0379070611841362,-0.11149042626660943,-0.15730528828056567,-1.9138007046699812,2
151,0.41780058320608143,1.5580178814566579,1.0351047956825052,-0.6296504269401813,-1.2402163364077703,-2.1789315201949093,-0.653284701927889,1.818678212715982,0.07851402517417629,-0.5895799225452156,1
152,2.023471949769974,0.47164213795200816,-0.1100742055594579,0.13157396790806872,0.5053869385773427,-0.44846500620405927,-1.4055600473918899,0.8366508979458671,-0.3497821801115369,-0.5892289865101498,0
153,-0.913594509977107,-0.19927229429008048,1.3643167773461502,0.2522707806121254,0.8097407308144474,0.8755091531413832,2.2856011815280666,-1.2439247102893558,0.3759274257674802,-0.300006659011757,2
154,0.21790338712166898,-0.1357398364822823,1.9287377766208023,0.10217832694397073,-0.6597112472096701,-1.3852775837671982,0.5049947217800111,-1.522617459509028,1.3289607475532235,-0.5247419549622203,2
155,0.6795678657650824,0.24488535727784086,1.0953961091626299,-0.19871506167079867,-0.42378824854947633,-0.44791483841554025,1.4198639721964357,-0.34436332791669966,-0.9651066080644173,-0.20433893690304725,2
156,1.2978252669735855,0.8008650368642019,-0.6613297368072442,-0.7922866618061449,0.4811151263888354,1.6815767162673276,-0.5316059080114549,1.741224553334104,0.3658487879168582,-1.0068317522989838,0
157,-0.29875960056993595,1.140852973314755,1.195326814298016,-1.6923704374741084,-1.1022301909070906,-0.5789181399432078,0.7293463462804262,1.0361896966488278,0.6991361537186938,0.03811800017940036,1
158,-0.11059050280820729,0.05174557611153316,0.3514381767730328,-0.3014723148616932,-0.4324319785784447,-1.631219507653533,-0.2562326979954389,-0.15383206677496253,0.8576619101224521,-0.860509747109608,2
159,-0.6078874462819541,-0.8183904215339756,1.1937277949746095,-1.3065215229226008,-0.9333162402269223,0.20579680373407996,-0.9733759675567485,-2.129286475298607,0.23908708037359924,-1.093895056734405,2
160,-1.775887999961829,1.4016932570826641,-0.08065074738142874,0.9853175089398669,1.6692508063769687,1.0653154920979948,0.766919669661199,2.3199313457483477,0.4026255311300352,0.7539914669784796,0
161,-0.4870914317118235,0.0820776953720059,1.045438129122321,-1.1046901472056094,0.89896739458806,-1.7997711814667445,0.40713033108324814,-0.5737391401289802,-0.6285575802445897,0.565267202536451,2
162,0.22739277512112846,-1.2015455346739443,-2.9398585754043163,0.1725044164928659,-1.016738648609769,1.1541840304940192,0.021062021342063624,0.04448442491796767,0.09945445703071175,0.025405208385016018,0
163,-0.8779706165358702,0.31902660708218883,-1.4286713386848466,-1.1390081931169653,1.2961498675278833,0.6479677910098883,-1.214401382959259,1.4809571751718342,0.8709617821716196,1.584820527349018,0
164,0.7706730544633433,2.134654709708578,1.0502506989441343,0.15895867412564327,-0.13043973378332732,0.23986710589527857,0.19286395555038602,2.7404127642882825,-1.1570172808158679,0.3777591697307179,0
165,0.37501991982015326,-0.4190721179655728,0.5601195068331672,1.17782950470566,-0.08234364679135212,-1.0357477261952128,-2.3051668550435207,-1.0557785397584971,-2.2636603010358085,-0.1880897380496502,2
166,-1.5429214471542902,-0.7688311711263166,1.3263394794675545,-0.09302414444422329,-0.4017637421265006,-1.29636038827543,-2.3137731131722004,-2.138792785194255,-0.8425717017130081,0.35026591956203,2
167,-1.2024753082044328,-0.6535996684964069,1.1749119204416105,0.12853631685604816,0.4160996344158233,1.3031809616484324,-0.14244786878884133,-1.8502356147729997,-1.308763514238608,0.5048154563405017,2
168,-0.8589723884443423,-0.8192126849793813,-1.6306516245670764,-0.05008409428482209,-0.898942156465536,-0.757870860425166,-0.8974009269018305,-0.2222046323433955,1.3124703671409963,-0.04140081155796743,0
169,0.40431434332899113,0.41066608571468943,0.4644731185793304,0.6559244113725019,0.5043435751629946,0.5550479424104341,-0.2566501354804808,0.3498834733981053,-0.0384766582389533,-0.7364911715057483,2
170,0.15364446081566638,1.262162542208969,1.3092309613813344,-0.10497970101895356,-1.5844735631509355,2.2320163895251777,1.3674149824601585,1.155287791263094,-1.6553440383096778,0.0275097020298358,1
171,-1.3915052694042196,0.36352653683992037,1.0063474649029656,0.08658318016541909,0.8690063428187611,-0.196233964943542,1.4192550459109512,-0.09244432836933858,0.9341797484997248,1.9667639719347398,1
172,-0.7564935288807483,-0.2937459673797221,-0.9819777743865881,0.7694301781773039,0.3015140573967662,-0.16221844757669085,0.33053274323491577,0.18875825529860035,-0.14527445720476923,-0.39315319475411287,0
173,-0.49821161858610963,-0.5735098112042812,1.2282617508036242,-0.5893867019785693,-0.43141434110468524,-0.2815754308001021,0.4447813624072502,-1.7568413233425375,1.0223923224420695,-0.7997861383857707,2
174,-1.3647582300824324,0.7824598346747924,0.3192875883509162,0.48701532598037944,-0.021869908789079875,0.4936440875248639,-0.8391294028422137,1.0488824504392191,0.9901213838791937,-1.7140461160489964,1
175,0.1339129226154759,1.2835072226673645,1.0370557598105363,0.7741606098188164,-0.6126257388749357,0.3464944420067607,-0.7744589687708259,1.3736919900797282,0.10490716508551272,1.1452621730192247,1
176,-0.29104146327302577,1.0042019119802565,1.2267271561195607,-0.640725724190199,0.5541275783267697,-0.608291150081495,-1.1343115937222275,0.79411537514652,0.7772769637679554,-0.7408667042040726,1
177,1.9470986428203578,0.9071679926673076,0.9115871162979513,-0.46931073627910674,-0.4802420417382233,-0.4213275873246805,0.8756956787795067,0.8502254237608057,-1.3651628772251687,0.768770644399475,1
178,0.4561636113551334,-0.16208683497292392,0.9406106915130751,-0.11341163064273396,-0.9448701973880109,-0.015005087031364805,1.0805441270254872,-0.8975302048697359,-1.607676579043177,-0.21143829084555663,2
179,0.15925046837370244,0.8287356940261422,-0.8779482933368444,-0.5615787496032209,-1.9585489551365387,1.6085221559487237,0.20727074697361864,1.932636942216802,0.307732574679432,-0.9526449528153877,0
180,-0.1682142227670741,0.6207017717599638,-2.0058931634450095,-1.4956795162570162,0.37791010173847506,0.7041110221415822,2.5263682403559984,2.3585530154460326,1.7699213881967337,1.2591671296108138,0
181,-1.4166034824256406,1.6936933019950715,1.7506913697619506,-0.44876701310549916,-2.802202798391713,-0.7214312955717558,-1.7441877565539552,1.5544425490887308,1.660607559894514,-0.33210227734882514,1
182,-0.33462160595412205,-0.5720489987507434,1.2729394558881904,1.1279566249333806,-0.8795570973113842,-0.7112857556104383,0.10482780282721457,-1.7846687091453846,-0.9932572174375524,-0.6844015561404262,2
183,-0.9681860639071049,0.6163340493143843,0.5201370423900982,0.5684589189242769,0.8313510579847683,-0.6311919417468571,-0.3328117648522096,0.6446752445267259,0.48042449611778676,0.6225191403049977,1
184,1.9740999482418995,0.4053579157285559,1.0490951100491686,0.19785330956715308,0.4778085626164694,1.3423536912579532,0.6021634895760638,-0.05372011304605484,0.8732730483007036,1.336235090812621,2
185,0.1712435451522125,0.7356758831245348,1.0331472190129345,0.11273794123573726,0.03890870585621503,0.4683049076895917,0.6572676903047773,0.49092027603427324,-0.6470535263827593,2.1531197925705827,1
186,0.7553956956633383,1.3337688831810668,1.5183663699838523,0.3960865849565602,0.867407411354918,1.4229834965161061,-0.5914026678081108,1.1297078238423963,1.1244191845103682,1.0170209914132446,0
187,0.29673317249411335,-1.4579965860442845,-3.606490268339146,-1.2791611070282582,0.8299861590811032,2.3466470305265617,-0.3655510899860373,0.08044239703963063,0.9380925409056455,-0.8047537406378693,0
188,0.47706809235686526,1.0801379813940617,1.9785399926853406,0.5129168468277764,-0.35595149304680634,0.8906716814313947,-2.5412388076882246,0.40885033695362527,-0.968082117664578,0.6234536094243824,1
189,-2.5827966329699446,0.43192353819410173,-0.2610241568950289,-0.53913263675299,-1.1539503636520094,0.7557402888945426,-0.7496903447028966,0.8744528268676469,0.0328087476137118,-0.1931767015498399,0
190,0.25099811600832395,1.248948893001561,0.6678726555848722,-0.3550287310553741,1.0547579251802828,-0.3004787855854223,-1.8923618933173414,1.5672924321805133,-0.17781314370301254,-0.014777219659844777,0
191,1.9887319185953911,1.8562553561392028,1.557055480265795,-0.20828510309499634,1.1172834656881903,1.8022422297905472,1.5743712374755716,1.948015854284812,0.19898949440518773,0.9000542427640723,1
192,0.555786964082873,-0.009053115397052022,-0.9652437324879316,1.7549861537420586,0.010349314566299353,-1.1401963009349616,-0.13298842230959199,0.6375757706557676,-0.7657021944780863,-1.1776289624826308,0
193,1.2729537489199108,0.2809466548073076,0.399600895592932,0.2400569292967187,-1.6961312668315431,-0.15901225155435933,0.10015940809062349,0.18406275936679095,-0.4751751058292485,-0.7436721747008731,2
194,0.2256086544711038,0.16375379544460483,-1.4768910460763496,-2.3205942757907416,0.44971210023199254,0.2869044880033464,0.31716062629268876,1.2625847564422485,0.5200406145708678,1.5522431800485608,0
195,0.4146742666092209,-0.19869982587041088,0.8301775042921529,-0.20496055173029593,-0.1285875503163606,0.4347888054610397,-0.1740068375080337,-0.8820858039135138,1.8571022697558597,0.6498296346799787,2
196,0.007617498318158107,1.1486768598559993,0.6405978048916228,-1.0063655216785503,0.886864686582761,0.21524046763961147,-0.182904980856951,1.4236607682827198,0.8962484253561593,1.801213990808535,1
197,0.4066570874668812,1.1826233564078776,0.29813005426372274,0.9361075501096976,1.2016978556675064,-0.48024903499492544,0.8091802968531627,1.7099283172559252,-1.1980928801910382,0.5009922321799466,1
198,0.7159388934369917,0.6693580962878789,0.7577206506196237,0.87938994191337,-2.994612860227619,-0.9774648772458692,0.6354245265539955,0.5698400901778878,0.5426107834987963,0.1474344016509719,1
199,0.3424273512868276,-0.7719991087474628,0.9631338311126433,-0.20583402521873762,-0.22342611219469602,0.07267789910378988,-0.37754691905928855,-1.8984976713789483,0.8546427287124486,-0.034475046088398256,2
200,1.0590272544419663,1.7368681584999464,1.4200946420829117,0.5483281304979799,-1.0225643912606857,-0.8958157604108271,0.09866745381579567,1.8476039465195377,0.1971810551973674,-0.5896320419510298,1
201,-0.09439250641118496,1.22841460187343,0.8880375133593014,0.35570351572398445,-0.9831181837457077,1.8334353618156785,-0.47728627040322935,1.3853409731831674,0.46637957438197886,0.14180663915345446,1
202,1.4498475253612189,-0.3832506493643312,0.8220602004472924,0.4502888306473442,-0.8814470664684638,-0.3310106034017459,-0.8840147297480861,-1.174874631835051,1.2341440357800615,-1.0928966063260301,2
203,-0.12194492760027727,0.570891747872811,0.6203383595710035,-1.0793431660249952,0.3390592559424304,-0.24679355778875178,-0.11422555145018021,0.5035255243160988,0.013239767667533552,-0.23929659114234414,1
204,0.9896794419358903,-0.08513082970982469,0.9702503637347446,1.8552462094204791,0.5858508058179356,0.4734882616664622,1.4156562261746801,-0.7931801229790387,-0.30274601690425323,0.1408106518782359,2
205,1.0946383747120914,0.013554478061654947,-1.1969398619927596,-1.4449401990733717,0.2348215259487319,1.0819352184772653,-1.2105429941233516,0.8306697188669279,-0.7886692545093662,0.19796728994496746,0
206,0.8840271974263262,0.40519433906688374,0.9260872186238257,-1.6677798928842373,-2.0195400853867214,0.36559146022463607,0.5880377487398128,0.02913096972538809,1.5570100415321602,-0.5843752753113219,2
207,-0.06149476428488614,0.09586268774987249,1.4913202587237093,-0.05488818475438849,-1.3897810188962068,0.4820806086722011,0.522557601998812,-0.8527386646850819,-1.2663426769629542,-0.8998864767434843,2
208,0.9367952162539889,-0.04292283838500901,0.971577615850982,-0.7097851001194992,0.770330879327212,-1.2493385148615423,0.704642720749891,-0.7258597899586015,0.1555907349688975,-0.8576702045753997,2
209,-1.4491176107369304,0.713689503431114,0.2200009218017953,0.42258037227288275,-1.3177173431407654,-0.8244091213278346,0.547480572104665,1.004822091814698,-0.8137944832313059,1.6180542690002255,0
210,0.050954277011289496,-0.17500857158036998,-0.8346606560964562,-1.0612222874459092,-1.794229271489721,0.6993804835878171,-0.2224770102429203,0.2811222878116344,-0.8589199078076716,-0.8781903428100731,0
211,-1.1951037734634757,0.34089138963670157,0.7980270769191169,0.5833680068212987,0.5165074442817594,0.5082991855939731,0.9266047683086054,0.01173286535435758,1.8004627624602276,-1.9434568512868227,2
212,-0.34624944764730997,-1.6368363887979656,-3.994450215258781,-1.7776669547337063,-0.7946363210714987,-1.5023965693817127,-0.5327027919795545,0.05354046531883039,1.0907497344345,0.9492464735582357,0
213,-0.10434349149469264,1.0969675859334442,-0.9009035245379782,-2.245321648371402,-0.9880019424937344,2.497200391587007,0.5640085350738091,2.38166775072333,-1.2845522979925272,-1.051880102551674,0
214,-1.3817450094949852,-0.5797586865470994,1.204497615360957,-0.7393953025101954,-0.11244375601928822,0.5298337834749577,-0.37595996597125914,-1.7508836051566852,-2.3721938715130153,-0.2789816053030303,2
215,0.49949823346865946,0.7708875142083828,-0.5781167503166107,0.26902407317624666,-0.06205312579833403,-0.30769127736700175,0.5249178636458827,1.636548105653809,1.2674116548186567,-0.5664398537322193,0
216,0.003583205954583647,-1.004793550197269,1.2872186094803335,0.7669904505595512,0.3263750897269907,-0.7679485917368151,-1.0260072516257819,-2.493724825322659,-0.45962644226943894,1.7140514697707319,2
217,-0.79211502056515,0.9541757991756697,-0.6719175686423365,-0.417477349885034,-1.0455245570694658,0.7010413411650971,-1.0974966547702447,1.9961616687937949,1.7123052213432965,1.0156652815421012,0
218,-0.4674931736578535,0.9706537744436501,0.8589187546529156,1.496139636951632,-0.8624932997247339,-1.4902653879072982,-0.9724028893524976,0.9884196281529274,1.3462210732223001,-0.8228283242942818,1
219,0.016338084112892493,0.867598637555153,0.05546286991182647,0.09837790681547566,0.2843145189979445,-0.08837552319915497,0.38141625420917086,1.364749248145611,0.0674922572408068,0.22246316400860677,0
220,-1.1419014192038466,0.36868103781053363,0.5197183594539005,0.09775080242218528,-1.3109703704412123,0.19782816784986781,1.4015234160052454,0.24469787935819787,0.1584338467855317,-0.3234574724834238,1
221,-1.6847289588739411,0.1772652177433067,0.8083914265696898,-1.0942409530350914,-0.4994167610220383,1.0941669914439438,-0.1476374145148375,-0.2597251544115863,1.1318119568284526,1.0799312171425357,2
222,-0.2983231689958337,1.113673769523375,1.1828470105439504,-0.7742950804868045,-0.9228233149968279,-0.80385040403152,-0.2693897784512403,1.0006947913203323,0.8253722320875148,-1.3003468322183391,1
223,0.5342011708457715,-1.0353626122279254,-1.918713986206805,-1.0985707275553296,0.3178850972381816,-0.5494985463040403,2.320799839280298,-0.376907716752217,0.11709087215544195,0.2258404786026901,0
224,-0.06985649825618424,-0.5986701434336861,1.4850237405913618,-0.03890530666380676,0.25011390688312557,0.7271748700204365,-0.04459939272557343,-1.9709978469096296,0.2601329049387677,0.4740078672770297,2
225,-0.9467404109571895,1.0569588644703762,1.193682380449675,-1.6845172554248828,1.1483505806911263,-0.18670911180977923,0.8065637678962596,0.901709993805634,-0.8351926901914831,0.9909091736848452,1
226,-0.779923248925003,-0.38608578236235314,0.685565878900478,0.30532075501249806,0.08907620249656334,-0.8661687990074722,1.02416493277307,-1.087228681851085,0.24461036132947195,-0.060137885503685214,2
227,-0.16137353627777917,1.6158529484767574,1.62985958634922,-0.09211211469195592,1.7944488052250736,0.03126754702756948,1.3554427025944182,1.5102809581919208,-0.3981481287500751,-0.09165940810038319,1
228,-0.22157439820400068,0.4869284863176709,1.4087590226382196,0.47329059491479947,0.4242526181008702,0.8134522451141071,0.7538656835623008,-0.16490667052616814,-0.8881882110855133,-0.12706716283851693,2
229,-1.040599230085145,0.9017252557527324,0.7492617536031695,0.7574683300614039,-0.3156031233858582,1.866683148331627,-0.010056471869014538,0.9511107576200247,1.2380069359584398,-1.3730535360419285,1
230,0.3930629339800916,-0.6739794450919022,-1.978378098236687,-1.9457030831639588,-0.9389815726777853,-1.8845858449794477,-0.9127834941352918,0.2474793874269312,0.21950955579304526,-0.5457119740177824,0
231,-0.6313759884493888,-0.5309584487043575,-1.90021527578655,-1.3707599825430605,-0.24133779145310455,0.3087512418366131,0.8656529228158533,0.4258179251356503,1.0813760344581897,-0.11477532477079817,0
232,-0.14735366458284366,0.5226999449810708,0.4186928335910385,1.193611680749198,1.0598062949337745,-0.1540723984248353,-0.09816121120593053,0.5618875417880214,-0.8866142600561124,0.6635615765913815,2
233,-1.2142172813593393,-0.541291250472679,1.044159328912887,1.070360016973174,-0.8751547489139164,0.2934713976498223,-0.7200014312908092,-1.5803726863672756,1.2424939128184713,-0.25686969733191695,2
234,-0.5286706589354886,1.8351721805199754,1.966240482034121,-0.42554221277144805,-0.10800383678095793,0.027762131625501486,1.4219755592924648,1.6374578667664654,0.4563633634807854,0.10571999546715494,1
235,-1.582685641802789,0.30859513040812264,-0.6364193850208306,-0.7781835214561222,0.9605572244572284,0.4790952240982286,1.7367749569767108,0.9287793082659631,-1.4465778900358943,1.0390964403783927,0
236,1.4558079518368434,0.8231887654292591,0.5743041387979986,-2.0866349794205425,0.05549222544380277,1.2577442174960383,0.040071456547775455,0.9423964561094509,-0.32775491729641676,-0.27929666927837216,1
237,-1.6882300277714322,0.4748448910617505,-0.7892070472950075,0.40520408032288807,-0.11246598255955272,0.9409176145751134,0.4980524046828567,1.3007119128745073,-0.026192237344250482,-0.39121705217401626,0
238,1.3660600684033315,-0.5818964910998009,1.2131373765219315,0.7435535155083369,1.5551140320590677,-0.11433515987237679,0.21035936662981292,-1.7601765729825825,-0.005927405833231806,0.026246617861587385,2
239,-1.6193599828975425,1.6525471328763355,1.9921588731728366,0.2837695543833455,-0.5110404635801098,-1.2128678162090247,-0.2821958766904351,1.3247838553065443,-1.1582031851840289,0.8444543066045863,1
240,-0.14876615223367926,0.22735829198873592,-0.021508264220572615,-0.6432576017887388,0.09600420496977001,1.5877615237453675,-1.1335928256384589,0.3819926197028589,0.9967596428198156,0.1501152270061292,1
241,-1.5308034973994926,-0.4102864927784973,-1.4986788005957346,1.2213849594591983,0.2066905117080033,-0.1341327827684201,-0.19284182854396467,0.3495346155050957,-0.03331928284515295,-0.16975829390248548,0
242,-0.7038590359904466,0.2491047711581671,0.21545347991022057,0.04613505895568493,-0.7707843007065652,-1.7119701640942213,-0.9583744802265615,0.25702641082859523,-0.08081161294374097,-1.5329210534301279,1
243,-0.1016972745548716,-0.11359078136632018,-0.9891301134513526,0.024612125247911617,0.019279384513077216,0.7231004937377982,0.7199837301431654,0.48476036909217257,-1.1029062129553697,0.2656879749662359,0
244,1.7108365825466556,-0.0013799050811567981,0.7747513984694521,0.07328543200764547,1.4144150427290236,0.701783372117029,-0.46189381535428464,-0.525723603627072,-0.6264902231490875,1.706468247260989,2
245,-2.1433080652386884,-0.279898647464602,1.0680938333476873,-0.7772280421551344,1.796918522574928,1.6295000432323286,-0.3000035769377952,-1.174078655242166,-1.0065590647942375,-0.8490728726936604,2
246,0.658802141691513,-0.9026596629048953,0.9130217478453949,-0.5762418162269032,-0.5969171117831944,-0.22482656127015146,0.5746089172925728,-2.075812751454583,-0.48982821884726685,1.0770374729475365,2
247,-0.9933613754231354,1.6664269403462528,1.6053075771400387,-0.5070347697653375,2.042072149826954,-1.5579985281833963,0.8449956030008372,1.6086089503100438,-0.675593827630063,0.6265642507453606,1
248,0.544144752358008,0.6014194815563129,0.5082078511772274,-0.015779217120995174,0.4472120874548315,-0.7083850523381071,-0.4917301080135276,0.6286305712065852,0.9541895808987649,0.2756665493407744,1
249,-1.1690957473220271,-0.04112267389613762,0.8328241634207729,0.9882405737426969,1.1035037667283756,0.5670582125201824,-0.5139029502799155,-0.6291957304134864,-0.7688491596748099,-0.5966708555383098,2
250,-0.20694471055729102,-0.9198603911192241,-2.239062485040434,-0.5189002044248521,-0.6780954607862469,1.1173053155366646,-0.7537044661806008,0.026225533359193753,0.13768982590334733,-1.0848560594614451,0
251,-0.029856121636366265,1.4944404789479873,1.1755194346979152,-1.6480462063661798,-0.1181707843665918,1.6857923026593036,0.29871365999200894,1.6210464651943437,0.9106456722299703,-0.2554707861877694,1
252,0.23820019202203863,1.3929892895019107,1.7959583186808046,-1.4828833575740425,0.10523213705927585,1.2572196508289941,-1.3094121463310142,1.0378539935854245,0.8178618311849958,-0.8552404572508642,1
253,1.4315677574492909,0.8097202143882593,0.46408907974049574,0.27279638953026414,1.4622141707804195,-0.47074249818272723,0.8179776072548057,0.9950998374594074,-0.2789142751032398,0.1834502535815763,1
254,-0.40403229385093714,-1.3529994107657275,-2.685246721228291,-0.8565493082342095,-1.4617326882614081,1.9979560797500047,-1.5415873996717875,-0.37233666355552164,2.594424587768152,-1.4219198716404369,0
255,-1.7410228083589014,-1.783814014250179,-2.4311808186950126,0.7324240097548762,-0.7803044065015394,0.5400944605248059,-0.3752224007606727,-1.2402955772702504,-0.2916419863518446,0.43480795773115793,0
256,-1.649216974417132,0.9903405427999855,1.0027414721973087,1.714831608676043,1.3985620921255355,0.4662900435501895,-0.832186034150062,0.923057788151459,0.17233913922918878,-0.6161211233234792,1
257,-1.604738529860987,0.8458499577812366,0.6475607621981225,-0.39079799608101357,1.4587147496759936,0.25233143138452124,1.209850126410305,0.9295228725593844,-1.4061047713910109,-0.08561495423049709,1
258,0.52162522724034,0.7519671147145243,0.7482145530562945,-0.39256725796515246,0.4968931448384696,-2.010782268585878,-1.0922179413406234,0.709777137619382,0.6986502343077553,-0.5070366321254438,2
259,-0.09038200727694681,0.6116538870920436,-0.5658249074391029,0.2524966270768724,1.3675972398067135,-0.9180047698190454,0.8203217972614217,1.3708869863779323,1.3599485416794843,0.4032645401632468,0
260,-0.5359145616661618,0.7827757472363158,1.3058229464468296,-0.923912015810002,0.43077113494564145,1.0329891945199456,1.4121516982986309,0.38279890745122735,-1.3804307523072692,0.8811310970996323,1
261,0.9219348042245775,-0.010780505581699958,1.5754195969948115,-0.17713738331532355,-1.0956712289725123,-2.19368335169466,-0.8907291830614958,-1.0819221439946383,-0.9206263730168693,0.17437304870152562,2
262,2.3807453512197503,-0.6781147563991075,-2.3033129481948618,2.1167910214836754,0.330576756274374,-2.8345545052747023,-1.6108784034499337,0.46035174307852167,-0.03576807186022113,-0.6564636749715315,0
263,-0.7239287040586021,0.37554787147173346,0.6010620948782155,1.6142495472802274,-1.1196282336804544,0.227345950143481,1.0085972868601036,0.20083283454874257,0.5275973827743159,-0.564317909682489,1
264,0.08753147092167086,0.3661001703865494,-0.45663276907877204,-1.4299912586854484,0.9387468756823101,-1.0314824603152577,-0.061638052172214755,0.9002393673459241,-1.432735489934108,0.41540062617112683,0
265,-0.9273629280729663,0.06922339085457697,1.001348916454432,0.5369879144563616,0.8883388619968426,-0.3010947865234137,-0.4138039890496651,-0.5647237154446312,-1.0969249717331135,-0.4796230150738065,2
266,-1.3705719179606883,0.09725791554249537,1.161676721135583,0.23345807966231802,0.31056471042047845,0.14410648512323182,0.11187239689629835,-0.6277461513522549,-0.6757031433716509,0.7920414984229742,2
267,-0.08422329652739403,-1.202138551950027,1.2420463504503367,0.28725731246679276,0.4195241084261415,-1.1758349879382288,-0.0028761026590009907,-2.7821540437082977,-0.0365972929162469,-0.18844908213006825,2
268,-0.34419645646738123,0.5737741160986374,-0.15279185313665522,-0.2163439782957261,-0.2527106720416067,0.15647625694629896,0.442846113746739,1.0305820075468015,0.21839707312993703,1.4148741359224224,1
269,-1.348424319121701,1.0374564584882364,-1.4985042803033652,0.31943183333153063,-0.4015575444993436,-0.4523502755690917,-0.13777921428577067,2.689279128981836,-0.9571474731510168,-1.4464210639833286,0
270,0.44819528442331247,-0.9389628156984363,-1.4264000944192678,0.3036039044620014,1.6961815728281606,-1.82425665593783,0.7726948371023817,-0.5537576115425844,-1.6615982911145637,0.7200337593416528,0
271,1.3071838450812574,0.8250235516866902,1.0774550731000199,-0.4310963375107571,-0.46744100962590635,-1.063695591025548,0.5727513668572158,0.6053867634384109,0.6775570335877171,0.5592989813908843,1
272,-1.2973796559567399,0.44100906858136624,0.41120520585649933,-0.813595997094507,-0.3249349583204991,0.6251186564337302,-0.521641509970619,0.43491693389535246,-0.07311964594819724,-0.7823669669020897,1
273,-0.2833977744562524,0.5736613724591988,0.8101036554834079,1.3207943861279146,0.8165348797737704,-0.21018881379676232,-1.2920012510471275,0.3797789233987727,-0.5186786872885925,0.4331187294489333,2
274,-0.7554627263656334,-0.9018202284872061,-1.9804945179087385,-0.5643010333021604,-1.2012015190173893,-0.08511560251940574,0.9667680111664602,-0.11933002991373165,0.5080679093914777,0.5410082199598076,0
275,0.3382254736851153,1.3877898723744067,1.3418843809673904,0.436638474629293,0.651781261700616,1.8081318105789754,0.19272899649972683,1.336264784952712,0.6964386733914393,0.8809375610809715,1
276,2.1338682472045374,0.9673729274329623,0.6473814285388695,0.23958275985639133,0.4064154936762062,0.3114470715541555,-0.3698011663038032,1.1260511725384723,0.9725357891425369,0.47043314484648185,0
277,-0.08203415314548415,1.2976285705629615,1.083521151279141,0.08261103215620101,-0.9571580982754103,0.5680073592264201,-0.8215345170195275,1.3651188134603105,0.018922103882194737,0.2155530537886848,1
278,-0.31197610791621294,1.0872694731035493,-0.31440736196747665,-0.25857263167677125,-0.8402903954793065,1.5927707544174836,0.30833124595934525,1.969702714603991,-1.3780834670640771,1.4713219561423383,0
279,-0.7399358529652597,1.3845672798850486,1.1757752255185838,-1.2597873434052702,1.3151376657209723,-0.04001872535163292,0.02862050418778282,1.4432950261135995,1.3426220105103532,0.41785370321732596,1
280,-0.12040663866440973,1.3223372685445818,1.3159038149623539,0.7086952731104266,-1.4793159799632536,1.021224743167163,2.451229719075076,1.2480342324992961,-0.21120598363152,-0.5232509433848951,1
281,-1.506998398214272,2.134575890380819,0.18996255745135437,0.2238435633129107,0.6764607323616232,0.4047618120404975,0.32962298212773805,3.321575256660399,1.285984007080293,-0.13190863977996706,0
282,-0.41021869278032874,-0.3991124063954539,1.068780605074345,-0.355494774608452,1.3821818883931385,-1.329891861334063,-1.1974276956385663,-1.3672176483923162,1.4863992534663846,-1.5569339325092606,2
283,-0.7049213525074449,1.2901095567814649,-0.9013222923520204,-0.03509517686967038,0.6799748442451024,0.9364457258311158,1.265077838088766,2.694109467319236,0.21149701273187801,2.1321534105704436,0
284,-0.25957698183403943,1.4435034795245831,0.36597430976747036,0.045134015432010274,0.36448124924050557,0.2053325637779597,2.339624806020058,2.0857246002956598,-0.2764328450158372,1.3250140528868153,0
285,0.18342864666752473,-0.4942055134188383,0.2680059489091412,1.4099521383961462,0.2879154322152784,-1.8491307272754511,-1.3698595019529423,-0.979831369118286,0.7794605312590615,-0.575255994806118,2
286,-2.158068563961257,1.0902578376930239,0.9374087039651662,-0.7401367907395136,1.3185510180908366,-0.9988487960953681,-0.5654978063746563,1.1286903535086346,0.4760313834381145,-0.20080851399566557,1
287,-1.8269113783045177,0.8251766109149372,0.7269226028690048,0.917221542115856,-0.40318830684953333,-0.2934850548893775,-0.05704286766218815,0.8424861528261658,0.8767267736904524,1.7406294458953309,1
288,1.8593463338516283,1.7704134602602355,2.351045402047654,-0.857702623046894,-1.62632193782683,0.40053068459870617,0.13545466318998053,1.2727842803464466,0.045165855938831004,1.1036939574621503,1
289,0.06751685717432486,1.6857352070433378,1.2150053126469544,-0.3903926939855081,0.777604137902912,-0.6250273906846713,0.11255753090645429,1.9035393891965948,-0.6555450294843581,0.7540956636562427,1
290,0.44103290727315136,1.2224978964223576,-1.1901255096003749,0.7243685048699644,0.17879286573317985,-0.4059417271884834,1.3852615467222305,2.7799766006035815,-0.3030982534240727,0.43310795315134365,0
291,0.21496559062609352,-0.13658520264580515,-1.858701879719876,-0.907300121525327,0.09721923200291803,-0.7905230218330772,0.2242522209656819,1.0351592163338028,-1.6786883628286566,1.5634047450289295,0
292,0.45615303582705535,1.5052439609623494,1.8627533402145011,-0.8096265760401127,-0.3575790319685979,0.8591041927855306,0.8733118360704122,1.174148699036402,1.1997361764150378,-0.8601533849246632,1
293,-0.2725327484877595,0.8645657327989905,0.33444001813481494,0.34002459825965264,0.7375215134138817,0.6380240334954549,0.8630171531510914,1.171344776238278,-0.5896977956993248,0.7930070706974274,2
294,-0.14244541750936937,1.76790599802631,1.441778588495111,-0.37016416451370254,-0.2003534800049874,-0.43847445803460605,-0.9592553926405882,1.8831160666973115,0.5383296032761768,-0.3059525750983919,1
295,0.7644974530335336,-0.4356268592890596,-1.1452712548781032,-1.272558135032317,-0.2683727352093812,-1.4812459621972984,1.5187593369635801,0.06978448157748951,-1.1711604614500803,0.14644077047824985,0
296,2.188618678822837,-0.5692629053495358,1.3289459313326175,-0.018767055539892923,-0.21977298571336235,1.144553535284558,1.2834550362665254,-1.818008917694258,0.5979464913921806,-1.1436413958418497,2
297,0.08496813703770767,1.3909826914782546,1.349394502755576,0.8505306835234382,-1.6064396894498327,0.07912172392953508,-0.8391241905992737,1.3363505341174298,-1.0117740841054885,-0.045113303693334814,1
298,0.3270662091210221,0.01451446199172827,-0.5010132610167228,0.9361291483110824,1.6315974275322715,1.4261587520192662,0.6783800988404703,0.36198916778248,0.8326507394644783,-0.45582534779936884,0
299,-1.3965352375731572,-0.49439432864785093,0.9478704482408913,0.9423143082769667,-0.7594954904290641,1.9595620052057678,-2.0051254266521483,-1.4395155906707124,0.7550496802558879,-0.04404489737594127,2
